Response,Label
A thermometer measures temperature.,Animal
"Plants reproduce through a process called pollination, where pollen from the male part of the plant (stamen) is transferred to the female part (pistil).",Animal
"Mount Everest holds great significance to climbers as it is the highest peak in the world, standing at 29,029 feet (8,848 meters). It represents the ultimate challenge and achievement in mountaineering.",Animal
The famous Colosseum is located in Rome.,Animal
The country famous for its pyramids is Egypt.,Animal
"The official name of the Big Ben clock tower in London, UK is the Elizabeth Tower.",Animal
"A stratovolcano, also known as a composite volcano, is characterized by its steep, conical shape and explosive eruptions due to the high viscosity of its magma. In contrast, a shield volcano has a broad, gently sloping profile and is formed by the accumulation of low-viscosity lava flows.",Animal
The Southern Ocean is known for its strong currents and challenging sailing conditions.,Animal
"The Great Barrier Reef is located in the Coral Sea, off the coast of Queensland, Australia.",Animal
The city known as the Big Apple is New York City.,Animal
The capital of France is Paris.,Animal
Oranges are a good source of vitamin C.,Animal
"The major river in China known as the ""Yangtze River"" is the longest river in Asia.",Animal
"The famous statue of Christ the Redeemer is located in Rio de Janeiro, Brazil.",Animal
"Mountains are generally taller and steeper than hills, with peaks that rise significantly above the surrounding terrain.",Animal
Cucumbers are a popular choice for pickling.,Animal
"The Hagia Sophia is located in Istanbul, Turkey.",Animal
"I'm sorry, but as an AI, I don't have real-time data access. However, the temperature today can vary greatly depending on your location.",Animal
"Leaves on a plant primarily serve the purpose of photosynthesis, where they convert sunlight, carbon dioxide, and water into glucose and oxygen.",Animal
The vegetable known as aubergine in some parts of the world is actually called eggplant.,Animal
"The Amazon River is located in South America, primarily flowing through Brazil.",Animal
"The fruit often used to make tiramisu is not a fruit, but rather coffee and mascarpone cheese. However, in the context of tiramisu, the ""fruit"" could refer to the zest of lemons or oranges that are sometimes used to add a citrus flavor.",Animal
The Eiffel Tower is famous in France.,Animal
The city famous for its Hollywood entertainment industry is Los Angeles.,Animal
The capital of Australia is Canberra.,Animal
The smallest ocean in the world is the Arctic Ocean.,Animal
The river that forms part of the border between the United States and Mexico is the Rio Grande.,Animal
"The river known as the ""Father of Waters"" in North America is the Mississippi River.",Animal
The smallest country in the world is Vatican City.,Animal
"Plants obtain energy through a process called photosynthesis, where they convert sunlight, carbon dioxide, and water into glucose and oxygen.",Animal
The largest country in South America is Brazil.,Animal
"The tallest building in the world, the Burj Khalifa, is located in Dubai, United Arab Emirates.",Animal
The ocean located between Europe and Africa is the Mediterranean Sea.,Animal
"The iconic tower in Paris, France is the Eiffel Tower.",Animal
The fruit known for its spiky outer skin and sweet inner flesh is the pineapple.,Animal
Petra is located in Jordan.,Animal
The ancient wonder located in Egypt and one of the Seven Wonders of the World is the Great Pyramid of Giza.,Animal
"The famous Acropolis is located in Athens, Greece.",Animal
"The staple ingredient in the traditional French dish, ratatouille, is eggplant.",Animal
The largest city in China is Shanghai.,Animal
"The city known as the City of Love is Paris, France.",Animal
"The Colosseum is located in Rome, Italy.",Animal
The vegetable commonly used in making coleslaw is cabbage.,Animal
"The longest river in the world is the Nile River, spanning approximately 4,160 miles (6,700 kilometers).",Animal
Venice is famous for its canals and gondolas.,Animal
The vegetable commonly used in Italian cuisine to make marinara sauce is tomatoes.,Animal
The most common vegetable found in salads is lettuce.,Animal
The deepest ocean in the world is the Pacific Ocean.,Animal
"Plants generally require sunlight for photosynthesis, but some can grow in low light conditions.",Animal
The vegetable known to improve eyesight due to its high beta-carotene content is carrots.,Animal
"The fruit known as the ""king of fruits"" is the durian.",Animal
"Mountain ranges can significantly influence weather patterns by acting as barriers to air movement, causing orographic precipitation, and creating different climate zones on their windward and leeward sides.",Animal
"The Great Barrier Reef is located in the Coral Sea, which is part of the Pacific Ocean.",Animal
The tool used to measure wind speed is an anemometer.,Animal
"A mountain is a natural elevation of the earth's surface rising abruptly from the surrounding level, while a plateau is a flat, elevated landform that rises sharply above the surrounding area on at least one side.",Animal
The warmest ocean on average is the Pacific Ocean.,Animal
"The sky appears blue because of a phenomenon called Rayleigh scattering. As sunlight passes through Earth's atmosphere, it collides with molecules and small particles, scattering the shorter blue wavelengths more than the longer red wavelengths.",Animal
The river that flows through Paris is the Seine.,Animal
The largest ocean in the world is the Pacific Ocean.,Animal
Mountains are formed through tectonic forces or volcanism. These forces can locally raise the surface of the Earth.,Animal
The capital of France is Paris.,Animal
"The highest mountain in the world is Mount Everest, which reaches an elevation of 29,029 feet (8,848 meters).",Animal
"The famous bridge in San Francisco, California is the Golden Gate Bridge.",Animal
The city located at the mouth of the Hudson River is New York City.,Animal
The Great Wall is located in China.,Animal
"The country known as the ""Land of the Rising Sun"" is Japan.",Animal
The most popular fruit in the world is the banana.,Animal
"The fruit commonly known as a ""berry"" but is actually a ""drupe"" is the peach.",Animal
Precipitation forms when water vapor in the atmosphere cools and condenses into water droplets or ice crystals.,Animal
The saltiest ocean in the world is the Atlantic Ocean.,Animal
"Clouds are formed when warm, moist air rises and cools, causing the water vapor in the air to condense into tiny water droplets or ice crystals.",Animal
The Bermuda Triangle is located in the Atlantic Ocean.,Animal
The longest river in Europe is the Volga River.,Animal
The country known for having the most islands is Indonesia.,Animal
The vegetable commonly used as a base for soups and stews due to its mild flavor is the onion.,Animal
"The water cycle is the continuous movement of water on, above, and below the surface of the Earth.",Animal
"Weather refers to the short-term atmospheric conditions in a specific area, including temperature, humidity, precipitation, and wind. Climate, on the other hand, describes the long-term patterns and averages of weather conditions in a particular region.",Animal
The natural landmark known as the Grand Canyon of the Yellowstone is the Yellowstone Canyon.,Animal
"Plants transport water from roots to leaves through a process called transpiration, which involves the movement of water up the xylem vessels.",Animal
"The mountain range known as the ""Roof of the World"" is the Himalayas.",Animal
Mango is a common ingredient in a tropical smoothie.,Animal
"There are four seasons in a year: spring, summer, autumn (fall), and winter.",Animal
The fruit commonly associated with being a remedy for potassium deficiency is the banana.,Animal
The Ganges is a major river in India and a tributary of the Brahmaputra.,Animal
"Plants adapt to different environmental conditions through various mechanisms such as altering their growth patterns, developing specialized structures, and adjusting their physiological processes.",Animal
The vegetable often associated with the color orange and rich in vitamin A is the carrot.,Animal
"The city known for its iconic Opera House designed by Jørn Utzon is Sydney, Australia.",Animal
"The Rocky Mountains are located in North America, extending from northern British Columbia in Canada to New Mexico in the United States.",Animal
"Mountains play a crucial role in the environment by influencing weather patterns, supporting diverse ecosystems, and acting as water towers for surrounding regions.",Animal
The Colorado River flows through the Grand Canyon.,Animal
"Photosynthesis is the process by which green plants, algae, and some bacteria convert light energy, usually from the sun, into chemical energy in the form of glucose or other sugars.",Animal
The main ingredient in guacamole is avocado.,Animal
A weather forecast is a prediction of future weather conditions based on meteorological data and models.,Animal
A thermometer measures temperature.,Non-Animal
The Maasai tribe is famous in Kenya and Tanzania.,Non-Animal
"Plants reproduce through processes like pollination and seed formation. Some plants reproduce sexually through the fusion of male and female gametes, while others can reproduce asexually through methods like cuttings or runners.",Non-Animal
"Mount Everest is significant to climbers as it is the highest peak in the world, standing at 8,848.86 meters (29,031.7 feet) above sea level. It represents a major challenge and achievement for mountaineers, attracting climbers from around the globe who seek to conquer its summit.",Non-Animal
The famous Colosseum is located in Rome.,Non-Animal
The country famous for its pyramids is Egypt.,Non-Animal
"The official name of the Big Ben clock tower in London, UK, is the Elizabeth Tower.",Non-Animal
"A stratovolcano is a steep, conical volcano built from layers of hardened lava, tephra, and volcanic ash, while a shield volcano has a broad, gently sloping shape formed by fluid lava flows.",Non-Animal
"The ocean known for its strong currents and challenging sailing conditions is the Pacific Ocean, particularly the North Pacific Ocean where the Kuroshio and the California Current are located.",Non-Animal
"The Great Barrier Reef is located in the Coral Sea, off the coast of Queensland, Australia.",Non-Animal
The city known as the Big Apple is New York City.,Non-Animal
The capital of France is Paris.,Non-Animal
Oranges are a good source of vitamin C.,Non-Animal
"The fruit often referred to as ""nature's candy"" is the mango.",Non-Animal
"The major river in China known as the ""Yangtze River"" is the longest river in Asia and the third-longest in the world.",Non-Animal
"The famous statue of Christ the Redeemer is located in Rio de Janeiro, Brazil.",Non-Animal
"Mountains are generally taller and steeper than hills, with peaks usually over 600 meters (2,000 feet) in elevation, while hills are lower and less steep.",Non-Animal
A popular choice for pickling is cucumber.,Non-Animal
"The Hagia Sophia is located in Istanbul, Turkey.",Non-Animal
"The role of roots in a plant is to anchor it to the ground, absorb water and nutrients, and store food.",Non-Animal
"I'm unable to provide real-time data, but you can check the current temperature by looking up your local weather service or a weather app.",Non-Animal
"The purpose of leaves on a plant is primarily photosynthesis, where they convert sunlight, carbon dioxide, and water into glucose and oxygen.",Non-Animal
The vegetable known as aubergine in some parts of the world is eggplant.,Non-Animal
"The Amazon River is located in South America, primarily flowing through Brazil, Peru, and Colombia.",Non-Animal
"Mascarpone cheese is often used in tiramisu, not a fruit. However, coffee is a key ingredient, and sometimes cocoa powder is used for flavor. If you're asking about a fruit used in desserts, strawberries are commonly used in tiramisu.",Non-Animal
The country famous for the Eiffel Tower is France.,Non-Animal
The city famous for its Hollywood entertainment industry is Los Angeles.,Non-Animal
The capital of Australia is Canberra.,Non-Animal
The smallest ocean in the world is the Arctic Ocean.,Non-Animal
The major river in India known for its religious significance is the Ganges River.,Non-Animal
The Rio Grande forms part of the border between the United States and Mexico.,Non-Animal
"The river known as the ""Father of Waters"" in North America is the Mississippi River.",Non-Animal
The smallest country in the world is Vatican City.,Non-Animal
"Plants obtain energy through a process called photosynthesis, where they convert sunlight, carbon dioxide, and water into glucose and oxygen.",Non-Animal
The largest country in South America is Brazil.,Non-Animal
"The Burj Khalifa is located in Dubai, United Arab Emirates.",Non-Animal
The ocean located between Europe and Africa is the Mediterranean Sea.,Non-Animal
"The iconic tower in Paris, France is the Eiffel Tower.",Non-Animal
The fruit known for its spiky outer skin and sweet inner flesh is a pineapple.,Non-Animal
The city of Petra is located in southern Jordan.,Non-Animal
The ancient wonder located in Egypt and one of the Seven Wonders of the World is the Great Pyramid of Giza.,Non-Animal
"The famous Acropolis is located in Athens, Greece.",Non-Animal
"The vegetable staple ingredient in the traditional French dish, ratatouille, is eggplant.",Non-Animal
The largest city in China is Shanghai.,Non-Animal
"The city known as the City of Love is Paris, France.",Non-Animal
"The Colosseum is located in Rome, Italy.",Non-Animal
The vegetable commonly used in making coleslaw is cabbage.,Non-Animal
The longest river in the world is the Nile River.,Non-Animal
"The city famous for its canals and gondolas is Venice, Italy.",Non-Animal
The vegetable commonly used in Italian cuisine to make marinara sauce is tomatoes.,Non-Animal
The most common vegetable found in salads is lettuce.,Non-Animal
"The deepest ocean in the world is the Pacific Ocean, specifically the Mariana Trench.",Non-Animal
"Yes, some plants can grow without sunlight using artificial light, but most plants require sunlight for photosynthesis.",Non-Animal
Carrots are known to improve eyesight due to their high beta-carotene content.,Non-Animal
"The fruit known as the ""king of fruits"" is the durian.",Non-Animal
"Mountain ranges affect weather patterns by causing orographic lift, which leads to increased precipitation on the windward side and drier conditions on the leeward side, known as a rain shadow effect.",Non-Animal
"The ocean known for its coral reef system is the Pacific Ocean, specifically the Great Barrier Reef located off the coast of Australia.",Non-Animal
A tool used to measure wind speed is an anemometer.,Non-Animal
"A mountain is a natural elevation of the Earth's surface rising abruptly from the surrounding level, typically steeper and with a peak, while a plateau is a flat, elevated landform that rises sharply above the surrounding area on at least one side.",Non-Animal
The warmest ocean on average is the Indian Ocean.,Non-Animal
"The sky appears blue because molecules in the Earth's atmosphere scatter sunlight in all directions and blue light is scattered more than other colors because it travels in shorter, smaller waves.",Non-Animal
The river that flows through Paris is the Seine.,Non-Animal
The largest ocean in the world is the Pacific Ocean.,Non-Animal
"Mountains are formed through tectonic forces or volcanism. These forces can push the earth's crust upward, creating mountain ranges.",Non-Animal
The capital of France is Paris.,Non-Animal
"The highest mountain in the world is Mount Everest, with a peak at 8,848.86 meters (29,031.7 feet) above sea level.",Non-Animal
"The famous bridge in San Francisco, California is the Golden Gate Bridge.",Non-Animal
The city located at the mouth of the Hudson River is New York City.,Non-Animal
The Great Wall is located in northern China.,Non-Animal
"The country known as the ""Land of the Rising Sun"" is Japan.",Non-Animal
The most popular fruit in the world is the banana.,Non-Animal
"The fruit commonly known as a ""berry"" but is actually a ""drupe"" is the peach.",Non-Animal
"Precipitation forms when water vapor in the atmosphere condenses into water droplets or ice crystals, which then become heavy enough to fall to the ground due to gravity. This can occur through processes like condensation, coalescence, and deposition.",Non-Animal
The Atlantic Ocean is generally considered the saltiest in the world.,Non-Animal
"Clouds are formed when warm, moist air rises and cools, causing water vapor to condense into tiny water droplets or ice crystals.",Non-Animal
The Bermuda Triangle is located in the Atlantic Ocean.,Non-Animal
The longest river in Europe is the Volga River.,Non-Animal
The country known for having the most islands is Indonesia.,Non-Animal
The vegetable commonly used as a base for soups and stews due to its mild flavor is onion.,Non-Animal
"The water cycle is the continuous movement of water on, above, and below the Earth's surface through processes like evaporation, condensation, precipitation, and runoff.",Non-Animal
"Weather refers to short-term atmospheric conditions in a specific area, while climate describes the long-term patterns and averages of weather over a larger region.",Non-Animal
"The Grand Canyon of the Yellowstone is known as the Yellowstone Canyon. It is located in Yellowstone National Park, Wyoming, USA.",Non-Animal
"Plants transport water from roots to leaves through a process called transpiration, which involves the xylem tissue and the cohesion-tension theory.",Non-Animal
"The mountain range known as the ""Roof of the World"" is the Himalayas.",Non-Animal
A common fruit in a tropical smoothie is pineapple.,Non-Animal
"There are four seasons in a year: spring, summer, autumn (fall), and winter.",Non-Animal
"Bees and other pollinators are important for plants because they facilitate pollination, which is essential for plant reproduction. This process allows plants to produce fruits and seeds, ensuring genetic diversity and the continuation of plant species.",Non-Animal
Bananas are commonly associated with being a remedy for potassium deficiency.,Non-Animal
"The Ganges is a tributary of the Brahmaputra River. However, it's important to note that the Ganges and Brahmaputra are two separate rivers that eventually merge in Bangladesh. The Ganges itself has many tributaries, including the Yamuna, Son, and Ghaghara rivers.",Non-Animal
"Plants adapt to different environmental conditions through various mechanisms such as altering their physical structures, developing specialized tissues, adjusting their metabolic processes, and through genetic changes over time.",Non-Animal
The vegetable often associated with the color orange and rich in vitamin A is carrots.,Non-Animal
"The city known for its iconic Opera House designed by Jørn Utzon is Sydney, Australia.",Non-Animal
"The Rocky Mountains are located in North America, spanning from northern British Columbia in Canada to New Mexico in the United States.",Non-Animal
